participant_id	age	sex	hand	weight	height	group	species	bci_experience
sub-1	24.79	n/a	n/a	n/a	n/a	healthy	homo sapiens	n/a
sub-12	24.79	n/a	n/a	n/a	n/a	healthy	homo sapiens	n/a
sub-13	24.79	n/a	n/a	n/a	n/a	healthy	homo sapiens	n/a
sub-14	24.79	n/a	n/a	n/a	n/a	healthy	homo sapiens	n/a
sub-15	24.79	n/a	n/a	n/a	n/a	healthy	homo sapiens	n/a
sub-16	24.79	n/a	n/a	n/a	n/a	healthy	homo sapiens	n/a
sub-17	24.79	n/a	n/a	n/a	n/a	healthy	homo sapiens	n/a
sub-18	24.79	n/a	n/a	n/a	n/a	healthy	homo sapiens	n/a
sub-19	24.79	n/a	n/a	n/a	n/a	healthy	homo sapiens	n/a
sub-2	24.79	n/a	n/a	n/a	n/a	healthy	homo sapiens	n/a
sub-20	24.79	n/a	n/a	n/a	n/a	healthy	homo sapiens	n/a
sub-21	24.79	n/a	n/a	n/a	n/a	healthy	homo sapiens	n/a
sub-22	24.79	n/a	n/a	n/a	n/a	healthy	homo sapiens	n/a
sub-3	24.79	n/a	n/a	n/a	n/a	healthy	homo sapiens	n/a
sub-4	24.79	n/a	n/a	n/a	n/a	healthy	homo sapiens	n/a
sub-5	24.79	n/a	n/a	n/a	n/a	healthy	homo sapiens	n/a
sub-6	24.79	n/a	n/a	n/a	n/a	healthy	homo sapiens	n/a
sub-7	24.79	n/a	n/a	n/a	n/a	healthy	homo sapiens	n/a
sub-8	24.79	n/a	n/a	n/a	n/a	healthy	homo sapiens	n/a
sub-9	24.79	n/a	n/a	n/a	n/a	healthy	homo sapiens	n/a
