onset	duration	trial_type	value	sample
32.128	5.0	left_hand	1	16064
43.434	5.0	left_hand	1	21717
54.712	5.0	left_hand	1	27356
65.762	5.0	left_hand	1	32881
76.808	5.0	right_hand	2	38404
88.058	5.0	right_hand	2	44029
99.534	5.0	right_hand	2	49767
110.548	5.0	right_hand	2	55274
121.742	5.0	left_hand	1	60871
132.76	5.0	right_hand	2	66380
144.12	5.0	left_hand	1	72060
155.382	5.0	right_hand	2	77691
166.73	5.0	right_hand	2	83365
177.858	5.0	right_hand	2	88929
188.994	5.0	left_hand	1	94497
200.018	5.0	left_hand	1	100009
211.198	5.0	left_hand	1	105599
222.4	5.0	right_hand	2	111200
233.784	5.0	left_hand	1	116892
245.166	5.0	left_hand	1	122583
256.396	5.0	left_hand	1	128198
267.456	5.0	left_hand	1	133728
278.54	5.0	right_hand	2	139270
289.9	5.0	left_hand	1	144950
300.928	5.0	right_hand	2	150464
312.376	5.0	right_hand	2	156188
323.388	5.0	right_hand	2	161694
334.474	5.0	right_hand	2	167237
345.6	5.0	left_hand	1	172800
357.022	5.0	right_hand	2	178511
368.35	5.0	left_hand	1	184175
379.682	5.0	right_hand	2	189841
390.684	5.0	right_hand	2	195342
402.034	5.0	left_hand	1	201017
413.372	5.0	left_hand	1	206686
424.758	5.0	left_hand	1	212379
436.176	5.0	right_hand	2	218088
447.5	5.0	right_hand	2	223750
458.858	5.0	left_hand	1	229429
470.234	5.0	right_hand	2	235117
